season,round,raceName,circuitName,circuitLocation,circuitCountry,driverId,driverName,constructorId,constructorName,gridPosition,finishPosition,points,laps,raceStatus,raceTimeMillis,raceTime,fastestLapTime,fastestLapRank,averageSpeedKph
2024,1,Bahrain Grand Prix,Bahrain International Circuit,Sakhir,Bahrain,max_verstappen,Max Verstappen,red_bull,Red Bull,1,1,26.0,57,Finished,5504742.0,1:31:44.742,1:32.608,1.0,210.383
2024,1,Bahrain Grand Prix,Bahrain International Circuit,Sakhir,Bahrain,perez,Sergio Pérez,red_bull,Red Bull,5,2,18.0,57,Finished,5527199.0,+22.457,1:34.364,4.0,206.468
2024,1,Bahrain Grand Prix,Bahrain International Circuit,Sakhir,Bahrain,sainz,Carlos Sainz,ferrari,Ferrari,4,3,15.0,57,Finished,5529852.0,+25.110,1:34.507,6.0,206.156
2024,1,Bahrain Grand Prix,Bahrain International Circuit,Sakhir,Bahrain,leclerc,Charles Leclerc,ferrari,Ferrari,2,4,12.0,57,Finished,5544411.0,+39.669,1:34.090,2.0,207.069
2024,1,Bahrain Grand Prix,Bahrain International Circuit,Sakhir,Bahrain,russell,George Russell,mercedes,Mercedes,3,5,10.0,57,Finished,5551530.0,+46.788,1:35.065,12.0,204.946
2024,1,Bahrain Grand Prix,Bahrain International Circuit,Sakhir,Bahrain,norris,Lando Norris,mclaren,McLaren,7,6,8.0,57,Finished,5553200.0,+48.458,1:34.476,5.0,206.223
2024,1,Bahrain Grand Prix,Bahrain International Circuit,Sakhir,Bahrain,hamilton,Lewis Hamilton,mercedes,Mercedes,9,7,6.0,57,Finished,5555066.0,+50.324,1:34.722,7.0,205.688
2024,1,Bahrain Grand Prix,Bahrain International Circuit,Sakhir,Bahrain,piastri,Oscar Piastri,mclaren,McLaren,8,8,4.0,57,Finished,5560824.0,+56.082,1:34.983,11.0,205.123
2024,1,Bahrain Grand Prix,Bahrain International Circuit,Sakhir,Bahrain,alonso,Fernando Alonso,aston_martin,Aston Martin,6,9,2.0,57,Finished,5579629.0,+1:14.887,1:34.199,3.0,206.83
2024,1,Bahrain Grand Prix,Bahrain International Circuit,Sakhir,Bahrain,stroll,Lance Stroll,aston_martin,Aston Martin,12,10,1.0,57,Finished,5597958.0,+1:33.216,1:35.632,16.0,203.73
2024,1,Bahrain Grand Prix,Bahrain International Circuit,Sakhir,Bahrain,zhou,Guanyu Zhou,sauber,Sauber,17,11,0.0,56,+1 Lap,,,1:35.458,14.0,204.102
2024,1,Bahrain Grand Prix,Bahrain International Circuit,Sakhir,Bahrain,kevin_magnussen,Kevin Magnussen,haas,Haas F1 Team,15,12,0.0,56,+1 Lap,,,1:35.570,15.0,203.863
2024,1,Bahrain Grand Prix,Bahrain International Circuit,Sakhir,Bahrain,ricciardo,Daniel Ricciardo,rb,RB F1 Team,14,13,0.0,56,+1 Lap,,,1:35.163,13.0,204.735
2024,1,Bahrain Grand Prix,Bahrain International Circuit,Sakhir,Bahrain,tsunoda,Yuki Tsunoda,rb,RB F1 Team,11,14,0.0,56,+1 Lap,,,1:35.833,18.0,203.303
2024,1,Bahrain Grand Prix,Bahrain International Circuit,Sakhir,Bahrain,albon,Alexander Albon,williams,Williams,13,15,0.0,56,+1 Lap,,,1:35.723,17.0,203.537
2024,1,Bahrain Grand Prix,Bahrain International Circuit,Sakhir,Bahrain,hulkenberg,Nico Hülkenberg,haas,Haas F1 Team,10,16,0.0,56,+1 Lap,,,1:34.834,10.0,205.445
2024,1,Bahrain Grand Prix,Bahrain International Circuit,Sakhir,Bahrain,ocon,Esteban Ocon,alpine,Alpine F1 Team,19,17,0.0,56,+1 Lap,,,1:36.226,20.0,202.473
2024,1,Bahrain Grand Prix,Bahrain International Circuit,Sakhir,Bahrain,gasly,Pierre Gasly,alpine,Alpine F1 Team,20,18,0.0,56,+1 Lap,,,1:34.805,9.0,205.508
2024,1,Bahrain Grand Prix,Bahrain International Circuit,Sakhir,Bahrain,bottas,Valtteri Bottas,sauber,Sauber,16,19,0.0,56,+1 Lap,,,1:36.202,19.0,202.523
2024,1,Bahrain Grand Prix,Bahrain International Circuit,Sakhir,Bahrain,sargeant,Logan Sargeant,williams,Williams,18,20,0.0,55,+2 Laps,,,1:34.735,8.0,205.659
2024,2,Saudi Arabian Grand Prix,Jeddah Corniche Circuit,Jeddah,Saudi Arabia,max_verstappen,Max Verstappen,red_bull,Red Bull,1,1,25.0,50,Finished,4843273.0,1:20:43.273,1:31.773,3.0,242.188
2024,2,Saudi Arabian Grand Prix,Jeddah Corniche Circuit,Jeddah,Saudi Arabia,perez,Sergio Pérez,red_bull,Red Bull,3,2,18.0,50,Finished,4862704.0,+13.6431,1:32.273,8.0,240.876
2024,2,Saudi Arabian Grand Prix,Jeddah Corniche Circuit,Jeddah,Saudi Arabia,leclerc,Charles Leclerc,ferrari,Ferrari,2,3,16.0,50,Finished,4861912.0,+18.639,1:31.632,1.0,242.561
2024,2,Saudi Arabian Grand Prix,Jeddah Corniche Circuit,Jeddah,Saudi Arabia,piastri,Oscar Piastri,mclaren,McLaren,5,4,12.0,50,Finished,4875280.0,+32.007,1:32.310,10.0,240.779
2024,2,Saudi Arabian Grand Prix,Jeddah Corniche Circuit,Jeddah,Saudi Arabia,alonso,Fernando Alonso,aston_martin,Aston Martin,4,5,10.0,50,Finished,4879032.0,+35.759,1:32.387,13.0,240.579
2024,2,Saudi Arabian Grand Prix,Jeddah Corniche Circuit,Jeddah,Saudi Arabia,russell,George Russell,mercedes,Mercedes,7,6,8.0,50,Finished,4883209.0,+39.936,1:32.254,7.0,240.926
2024,2,Saudi Arabian Grand Prix,Jeddah Corniche Circuit,Jeddah,Saudi Arabia,bearman,Oliver Bearman,ferrari,Ferrari,11,7,6.0,50,Finished,4885952.0,+42.679,1:32.186,5.0,241.103
2024,2,Saudi Arabian Grand Prix,Jeddah Corniche Circuit,Jeddah,Saudi Arabia,norris,Lando Norris,mclaren,McLaren,6,8,4.0,50,Finished,4888981.0,+45.708,1:31.944,4.0,241.738
2024,2,Saudi Arabian Grand Prix,Jeddah Corniche Circuit,Jeddah,Saudi Arabia,hamilton,Lewis Hamilton,mercedes,Mercedes,8,9,2.0,50,Finished,4890664.0,+47.391,1:31.746,2.0,242.26
2024,2,Saudi Arabian Grand Prix,Jeddah Corniche Circuit,Jeddah,Saudi Arabia,hulkenberg,Nico Hülkenberg,haas,Haas F1 Team,15,10,1.0,50,Finished,4920269.0,+1:16.996,1:32.366,12.0,240.633
2024,2,Saudi Arabian Grand Prix,Jeddah Corniche Circuit,Jeddah,Saudi Arabia,albon,Alexander Albon,williams,Williams,12,11,0.0,50,Finished,4931627.0,+1:28.354,1:32.307,9.0,240.787
2024,2,Saudi Arabian Grand Prix,Jeddah Corniche Circuit,Jeddah,Saudi Arabia,kevin_magnussen,Kevin Magnussen,haas,Haas F1 Team,13,12,0.0,50,Finished,4955646.0,+1:45.7373,1:32.338,11.0,240.706
2024,2,Saudi Arabian Grand Prix,Jeddah Corniche Circuit,Jeddah,Saudi Arabia,ocon,Esteban Ocon,alpine,Alpine F1 Team,17,13,0.0,49,+1 Lap,,,1:33.481,17.0,237.763
2024,2,Saudi Arabian Grand Prix,Jeddah Corniche Circuit,Jeddah,Saudi Arabia,sargeant,Logan Sargeant,williams,Williams,19,14,0.0,49,+1 Lap,,,1:33.523,18.0,237.657
2024,2,Saudi Arabian Grand Prix,Jeddah Corniche Circuit,Jeddah,Saudi Arabia,tsunoda,Yuki Tsunoda,rb,RB F1 Team,9,15,0.0,49,+1 Lap,,,1:33.026,15.0,238.926
2024,2,Saudi Arabian Grand Prix,Jeddah Corniche Circuit,Jeddah,Saudi Arabia,ricciardo,Daniel Ricciardo,rb,RB F1 Team,14,16,0.0,49,+1 Lap,,,1:33.323,16.0,238.166
2024,2,Saudi Arabian Grand Prix,Jeddah Corniche Circuit,Jeddah,Saudi Arabia,bottas,Valtteri Bottas,sauber,Sauber,16,17,0.0,49,+1 Lap,,,1:32.706,14.0,239.751
2024,2,Saudi Arabian Grand Prix,Jeddah Corniche Circuit,Jeddah,Saudi Arabia,zhou,Guanyu Zhou,sauber,Sauber,20,18,0.0,49,+1 Lap,,,1:32.208,6.0,241.046
2024,2,Saudi Arabian Grand Prix,Jeddah Corniche Circuit,Jeddah,Saudi Arabia,stroll,Lance Stroll,aston_martin,Aston Martin,10,19,0.0,5,Accident,,,1:35.560,19.0,232.591
2024,2,Saudi Arabian Grand Prix,Jeddah Corniche Circuit,Jeddah,Saudi Arabia,gasly,Pierre Gasly,alpine,Alpine F1 Team,18,20,0.0,1,Gearbox,,,,,
2024,3,Australian Grand Prix,Albert Park Grand Prix Circuit,Melbourne,Australia,sainz,Carlos Sainz,ferrari,Ferrari,2,1,25.0,58,Finished,4826843.0,1:20:26.843,1:20.031,3.0,237.418
2024,3,Australian Grand Prix,Albert Park Grand Prix Circuit,Melbourne,Australia,leclerc,Charles Leclerc,ferrari,Ferrari,4,2,19.0,58,Finished,4829209.0,+2.366,1:19.813,1.0,238.066
2024,3,Australian Grand Prix,Albert Park Grand Prix Circuit,Melbourne,Australia,norris,Lando Norris,mclaren,McLaren,3,3,15.0,58,Finished,4832747.0,+5.904,1:19.915,2.0,237.762
2024,3,Australian Grand Prix,Albert Park Grand Prix Circuit,Melbourne,Australia,piastri,Oscar Piastri,mclaren,McLaren,5,4,12.0,58,Finished,4862613.0,+35.770,1:20.199,4.0,236.92
2024,3,Australian Grand Prix,Albert Park Grand Prix Circuit,Melbourne,Australia,perez,Sergio Pérez,red_bull,Red Bull,6,5,10.0,58,Finished,4883152.0,+56.309,1:20.388,6.0,236.363
2024,3,Australian Grand Prix,Albert Park Grand Prix Circuit,Melbourne,Australia,stroll,Lance Stroll,aston_martin,Aston Martin,9,6,8.0,58,Finished,4920065.0,+1:33.222,1:20.930,8.0,234.78
2024,3,Australian Grand Prix,Albert Park Grand Prix Circuit,Melbourne,Australia,tsunoda,Yuki Tsunoda,rb,RB F1 Team,8,7,6.0,58,Finished,4922444.0,+1:35.601,1:21.134,11.0,234.19
2024,3,Australian Grand Prix,Albert Park Grand Prix Circuit,Melbourne,Australia,alonso,Fernando Alonso,aston_martin,Aston Martin,10,8,4.0,58,Finished,4927835.0,+1:40.992,1:20.493,7.0,236.055
2024,3,Australian Grand Prix,Albert Park Grand Prix Circuit,Melbourne,Australia,hulkenberg,Nico Hülkenberg,haas,Haas F1 Team,16,9,2.0,58,Finished,4931396.0,+1:44.553,1:21.145,12.0,234.158
2024,3,Australian Grand Prix,Albert Park Grand Prix Circuit,Melbourne,Australia,kevin_magnussen,Kevin Magnussen,haas,Haas F1 Team,14,10,1.0,57,+1 Lap,,,1:21.082,9.0,234.34
2024,3,Australian Grand Prix,Albert Park Grand Prix Circuit,Melbourne,Australia,albon,Alexander Albon,williams,Williams,12,11,0.0,57,+1 Lap,,,1:21.618,17.0,232.801
2024,3,Australian Grand Prix,Albert Park Grand Prix Circuit,Melbourne,Australia,ricciardo,Daniel Ricciardo,rb,RB F1 Team,18,12,0.0,57,+1 Lap,,,1:21.239,13.0,233.887
2024,3,Australian Grand Prix,Albert Park Grand Prix Circuit,Melbourne,Australia,gasly,Pierre Gasly,alpine,Alpine F1 Team,17,13,0.0,57,+1 Lap,,,1:21.090,10.0,234.317
2024,3,Australian Grand Prix,Albert Park Grand Prix Circuit,Melbourne,Australia,bottas,Valtteri Bottas,sauber,Sauber,13,14,0.0,57,+1 Lap,,,1:21.422,16.0,233.361
2024,3,Australian Grand Prix,Albert Park Grand Prix Circuit,Melbourne,Australia,zhou,Guanyu Zhou,sauber,Sauber,19,15,0.0,57,+1 Lap,,,1:21.327,14.0,233.634
2024,3,Australian Grand Prix,Albert Park Grand Prix Circuit,Melbourne,Australia,ocon,Esteban Ocon,alpine,Alpine F1 Team,15,16,0.0,57,+1 Lap,,,1:21.354,15.0,233.557
2024,3,Australian Grand Prix,Albert Park Grand Prix Circuit,Melbourne,Australia,russell,George Russell,mercedes,Mercedes,7,17,0.0,56,Accident,,,1:20.284,5.0,236.669
2024,3,Australian Grand Prix,Albert Park Grand Prix Circuit,Melbourne,Australia,hamilton,Lewis Hamilton,mercedes,Mercedes,11,18,0.0,15,Engine,,,1:22.444,18.0,230.469
2024,3,Australian Grand Prix,Albert Park Grand Prix Circuit,Melbourne,Australia,max_verstappen,Max Verstappen,red_bull,Red Bull,1,19,0.0,3,Brakes,,,1:23.115,19.0,228.608
2024,4,Japanese Grand Prix,Suzuka Circuit,Suzuka,Japan,max_verstappen,Max Verstappen,red_bull,Red Bull,1,1,26.0,53,Finished,6863566.0,1:54:23.566,1:33.706,1.0,223.093
2024,4,Japanese Grand Prix,Suzuka Circuit,Suzuka,Japan,perez,Sergio Pérez,red_bull,Red Bull,2,2,18.0,53,Finished,6876101.0,+12.535,1:33.945,3.0,222.525
2024,4,Japanese Grand Prix,Suzuka Circuit,Suzuka,Japan,sainz,Carlos Sainz,ferrari,Ferrari,4,3,15.0,53,Finished,6884432.0,+20.866,1:33.841,2.0,222.772
2024,4,Japanese Grand Prix,Suzuka Circuit,Suzuka,Japan,leclerc,Charles Leclerc,ferrari,Ferrari,8,4,12.0,53,Finished,6890088.0,+26.522,1:35.044,9.0,219.952
2024,4,Japanese Grand Prix,Suzuka Circuit,Suzuka,Japan,norris,Lando Norris,mclaren,McLaren,3,5,10.0,53,Finished,6893266.0,+29.700,1:35.186,10.0,219.624
2024,4,Japanese Grand Prix,Suzuka Circuit,Suzuka,Japan,alonso,Fernando Alonso,aston_martin,Aston Martin,5,6,8.0,53,Finished,6907838.0,+44.272,1:34.726,6.0,220.691
2024,4,Japanese Grand Prix,Suzuka Circuit,Suzuka,Japan,russell,George Russell,mercedes,Mercedes,9,7,6.0,53,Finished,6909517.0,+45.951,1:34.404,5.0,221.444
2024,4,Japanese Grand Prix,Suzuka Circuit,Suzuka,Japan,piastri,Oscar Piastri,mclaren,McLaren,6,8,4.0,53,Finished,6911091.0,+47.525,1:34.802,7.0,220.514
2024,4,Japanese Grand Prix,Suzuka Circuit,Suzuka,Japan,hamilton,Lewis Hamilton,mercedes,Mercedes,7,9,2.0,53,Finished,6912192.0,+48.626,1:33.952,4.0,222.509
2024,4,Japanese Grand Prix,Suzuka Circuit,Suzuka,Japan,tsunoda,Yuki Tsunoda,rb,RB F1 Team,10,10,1.0,52,+1 Lap,,,1:36.342,14.0,216.989
2024,4,Japanese Grand Prix,Suzuka Circuit,Suzuka,Japan,hulkenberg,Nico Hülkenberg,haas,Haas F1 Team,12,11,0.0,52,+1 Lap,,,1:35.325,11.0,219.304
2024,4,Japanese Grand Prix,Suzuka Circuit,Suzuka,Japan,stroll,Lance Stroll,aston_martin,Aston Martin,16,12,0.0,52,+1 Lap,,,1:35.798,12.0,218.221
2024,4,Japanese Grand Prix,Suzuka Circuit,Suzuka,Japan,kevin_magnussen,Kevin Magnussen,haas,Haas F1 Team,18,13,0.0,52,+1 Lap,,,1:36.654,17.0,216.289
2024,4,Japanese Grand Prix,Suzuka Circuit,Suzuka,Japan,bottas,Valtteri Bottas,sauber,Sauber,13,14,0.0,52,+1 Lap,,,1:36.608,15.0,216.392
2024,4,Japanese Grand Prix,Suzuka Circuit,Suzuka,Japan,ocon,Esteban Ocon,alpine,Alpine F1 Team,15,15,0.0,52,+1 Lap,,,1:36.232,13.0,217.237
2024,4,Japanese Grand Prix,Suzuka Circuit,Suzuka,Japan,gasly,Pierre Gasly,alpine,Alpine F1 Team,17,16,0.0,52,+1 Lap,,,1:36.642,16.0,216.315
2024,4,Japanese Grand Prix,Suzuka Circuit,Suzuka,Japan,sargeant,Logan Sargeant,williams,Williams,19,17,0.0,52,+1 Lap,,,1:34.900,8.0,220.286
2024,4,Japanese Grand Prix,Suzuka Circuit,Suzuka,Japan,zhou,Guanyu Zhou,sauber,Sauber,20,18,0.0,12,Gearbox,,,1:37.160,18.0,215.162
2024,4,Japanese Grand Prix,Suzuka Circuit,Suzuka,Japan,ricciardo,Daniel Ricciardo,rb,RB F1 Team,11,19,0.0,0,Accident,,,,,
2024,4,Japanese Grand Prix,Suzuka Circuit,Suzuka,Japan,albon,Alexander Albon,williams,Williams,14,20,0.0,0,Accident,,,,,
2024,5,Chinese Grand Prix,Shanghai International Circuit,Shanghai,China,max_verstappen,Max Verstappen,red_bull,Red Bull,1,1,25.0,56,Finished,6052554.0,1:40:52.554,1:38.406,2.0,199.414
2024,5,Chinese Grand Prix,Shanghai International Circuit,Shanghai,China,norris,Lando Norris,mclaren,McLaren,4,2,18.0,56,Finished,6066327.0,+13.773,1:38.751,4.0,198.717
2024,5,Chinese Grand Prix,Shanghai International Circuit,Shanghai,China,perez,Sergio Pérez,red_bull,Red Bull,2,3,15.0,56,Finished,6071714.0,+19.160,1:39.388,7.0,197.444
2024,5,Chinese Grand Prix,Shanghai International Circuit,Shanghai,China,leclerc,Charles Leclerc,ferrari,Ferrari,6,4,12.0,56,Finished,6076177.0,+23.623,1:39.384,6.0,197.452
2024,5,Chinese Grand Prix,Shanghai International Circuit,Shanghai,China,sainz,Carlos Sainz,ferrari,Ferrari,7,5,10.0,56,Finished,6086537.0,+33.983,1:39.764,10.0,196.7
2024,5,Chinese Grand Prix,Shanghai International Circuit,Shanghai,China,russell,George Russell,mercedes,Mercedes,8,6,8.0,56,Finished,6091278.0,+38.724,1:40.112,11.0,196.016
2024,5,Chinese Grand Prix,Shanghai International Circuit,Shanghai,China,alonso,Fernando Alonso,aston_martin,Aston Martin,3,7,7.0,56,Finished,6095968.0,+43.414,1:37.810,1.0,200.629
2024,5,Chinese Grand Prix,Shanghai International Circuit,Shanghai,China,piastri,Oscar Piastri,mclaren,McLaren,5,8,4.0,56,Finished,6108752.0,+56.198,1:39.739,9.0,196.749
2024,5,Chinese Grand Prix,Shanghai International Circuit,Shanghai,China,hamilton,Lewis Hamilton,mercedes,Mercedes,18,9,2.0,56,Finished,6110540.0,+57.986,1:40.835,14.0,194.61
2024,5,Chinese Grand Prix,Shanghai International Circuit,Shanghai,China,hulkenberg,Nico Hülkenberg,haas,Haas F1 Team,9,10,1.0,56,Finished,6113030.0,+1:00.476,1:40.815,13.0,194.649
2024,5,Chinese Grand Prix,Shanghai International Circuit,Shanghai,China,ocon,Esteban Ocon,alpine,Alpine F1 Team,13,11,0.0,56,Finished,6115366.0,+1:02.812,1:40.937,15.0,194.414
2024,5,Chinese Grand Prix,Shanghai International Circuit,Shanghai,China,albon,Alexander Albon,williams,Williams,14,12,0.0,56,Finished,6118060.0,+1:05.506,1:40.790,12.0,194.697
2024,5,Chinese Grand Prix,Shanghai International Circuit,Shanghai,China,gasly,Pierre Gasly,alpine,Alpine F1 Team,15,13,0.0,56,Finished,6121777.0,+1:09.223,1:39.198,5.0,197.822
2024,5,Chinese Grand Prix,Shanghai International Circuit,Shanghai,China,zhou,Guanyu Zhou,sauber,Sauber,16,14,0.0,56,Finished,6124243.0,+1:11.689,1:38.633,3.0,198.955
2024,5,Chinese Grand Prix,Shanghai International Circuit,Shanghai,China,stroll,Lance Stroll,aston_martin,Aston Martin,11,15,0.0,56,Finished,6135340.0,+1:22.786,1:39.444,8.0,197.333
2024,5,Chinese Grand Prix,Shanghai International Circuit,Shanghai,China,kevin_magnussen,Kevin Magnussen,haas,Haas F1 Team,17,16,0.0,56,Finished,6140087.0,+1:27.533,1:41.077,18.0,194.145
2024,5,Chinese Grand Prix,Shanghai International Circuit,Shanghai,China,sargeant,Logan Sargeant,williams,Williams,20,17,0.0,56,Finished,6147664.0,+1:35.110,1:41.000,17.0,194.293
2024,5,Chinese Grand Prix,Shanghai International Circuit,Shanghai,China,ricciardo,Daniel Ricciardo,rb,RB F1 Team,12,18,0.0,33,Retired,,,1:40.994,16.0,194.304
2024,5,Chinese Grand Prix,Shanghai International Circuit,Shanghai,China,tsunoda,Yuki Tsunoda,rb,RB F1 Team,19,19,0.0,26,Retired,,,1:41.593,20.0,193.158
2024,5,Chinese Grand Prix,Shanghai International Circuit,Shanghai,China,bottas,Valtteri Bottas,sauber,Sauber,10,20,0.0,19,Retired,,,1:41.276,19.0,193.763
2024,6,Miami Grand Prix,Miami International Autodrome,Miami,USA,norris,Lando Norris,mclaren,McLaren,5,1,25.0,57,Finished,5449876.0,1:30:49.876,1:30.980,5.0,214.148
2024,6,Miami Grand Prix,Miami International Autodrome,Miami,USA,max_verstappen,Max Verstappen,red_bull,Red Bull,1,2,18.0,57,Finished,5457488.0,+7.612,1:31.261,8.0,213.488
2024,6,Miami Grand Prix,Miami International Autodrome,Miami,USA,leclerc,Charles Leclerc,ferrari,Ferrari,2,3,15.0,57,Finished,5459796.0,+9.920,1:31.084,6.0,213.903
2024,6,Miami Grand Prix,Miami International Autodrome,Miami,USA,perez,Sergio Pérez,red_bull,Red Bull,4,4,12.0,57,Finished,5464526.0,+14.650,1:30.855,3.0,214.442
2024,6,Miami Grand Prix,Miami International Autodrome,Miami,USA,sainz,Carlos Sainz,ferrari,Ferrari,3,5,10.0,57,Finished,5466283.0,+16.407,1:30.928,4.0,214.27
2024,6,Miami Grand Prix,Miami International Autodrome,Miami,USA,hamilton,Lewis Hamilton,mercedes,Mercedes,8,6,8.0,57,Finished,5466461.0,+16.585,1:31.233,7.0,213.554
2024,6,Miami Grand Prix,Miami International Autodrome,Miami,USA,tsunoda,Yuki Tsunoda,rb,RB F1 Team,10,7,6.0,57,Finished,5476061.0,+26.185,1:31.682,10.0,212.508
2024,6,Miami Grand Prix,Miami International Autodrome,Miami,USA,russell,George Russell,mercedes,Mercedes,7,8,4.0,57,Finished,5484665.0,+34.789,1:31.921,13.0,211.955
2024,6,Miami Grand Prix,Miami International Autodrome,Miami,USA,alonso,Fernando Alonso,aston_martin,Aston Martin,15,9,2.0,57,Finished,5486983.0,+37.107,1:31.727,11.0,212.404
2024,6,Miami Grand Prix,Miami International Autodrome,Miami,USA,ocon,Esteban Ocon,alpine,Alpine F1 Team,13,10,1.0,57,Finished,5489622.0,+39.746,1:32.037,16.0,211.688
2024,6,Miami Grand Prix,Miami International Autodrome,Miami,USA,hulkenberg,Nico Hülkenberg,haas,Haas F1 Team,9,11,0.0,57,Finished,5490665.0,+40.789,1:31.941,14.0,211.909
2024,6,Miami Grand Prix,Miami International Autodrome,Miami,USA,gasly,Pierre Gasly,alpine,Alpine F1 Team,12,12,0.0,57,Finished,5494834.0,+44.958,1:32.055,17.0,211.647
2024,6,Miami Grand Prix,Miami International Autodrome,Miami,USA,piastri,Oscar Piastri,mclaren,McLaren,6,13,0.0,57,Finished,5499632.0,+49.756,1:30.634,1.0,214.965
2024,6,Miami Grand Prix,Miami International Autodrome,Miami,USA,zhou,Guanyu Zhou,sauber,Sauber,19,14,0.0,57,Finished,5499855.0,+49.979,1:31.991,15.0,211.794
2024,6,Miami Grand Prix,Miami International Autodrome,Miami,USA,ricciardo,Daniel Ricciardo,rb,RB F1 Team,20,15,0.0,57,Finished,5500832.0,+50.956,1:32.122,19.0,211.493
2024,6,Miami Grand Prix,Miami International Autodrome,Miami,USA,bottas,Valtteri Bottas,sauber,Sauber,16,16,0.0,57,Finished,5502232.0,+52.356,1:32.098,18.0,211.548
2024,6,Miami Grand Prix,Miami International Autodrome,Miami,USA,stroll,Lance Stroll,aston_martin,Aston Martin,11,17,0.0,57,Finished,5505049.0,+55.173,1:31.588,9.0,212.726
2024,6,Miami Grand Prix,Miami International Autodrome,Miami,USA,albon,Alexander Albon,williams,Williams,14,18,0.0,57,Finished,5525967.0,+1:16.091,1:30.849,2.0,214.456
2024,6,Miami Grand Prix,Miami International Autodrome,Miami,USA,kevin_magnussen,Kevin Magnussen,haas,Haas F1 Team,18,19,0.0,57,Finished,5534559.0,+1:24.683,1:31.774,12.0,212.295
2024,6,Miami Grand Prix,Miami International Autodrome,Miami,USA,sargeant,Logan Sargeant,williams,Williams,17,20,0.0,27,Collision,,,1:33.452,20.0,208.483
2024,7,Emilia Romagna Grand Prix,Autodromo Enzo e Dino Ferrari,Imola,Italy,max_verstappen,Max Verstappen,red_bull,Red Bull,1,1,25.0,63,Finished,5125252.0,1:25:25.252,1:20.366,9.0,219.898
2024,7,Emilia Romagna Grand Prix,Autodromo Enzo e Dino Ferrari,Imola,Italy,norris,Lando Norris,mclaren,McLaren,2,2,18.0,63,Finished,5125977.0,+0.725,1:19.994,6.0,220.921
2024,7,Emilia Romagna Grand Prix,Autodromo Enzo e Dino Ferrari,Imola,Italy,leclerc,Charles Leclerc,ferrari,Ferrari,3,3,15.0,63,Finished,5133168.0,+7.916,1:19.935,5.0,221.084
2024,7,Emilia Romagna Grand Prix,Autodromo Enzo e Dino Ferrari,Imola,Italy,piastri,Oscar Piastri,mclaren,McLaren,5,4,12.0,63,Finished,5139384.0,+14.132,1:19.907,4.0,221.162
2024,7,Emilia Romagna Grand Prix,Autodromo Enzo e Dino Ferrari,Imola,Italy,sainz,Carlos Sainz,ferrari,Ferrari,4,5,10.0,63,Finished,5147577.0,+22.325,1:20.220,7.0,220.299
2024,7,Emilia Romagna Grand Prix,Autodromo Enzo e Dino Ferrari,Imola,Italy,hamilton,Lewis Hamilton,mercedes,Mercedes,8,6,8.0,63,Finished,5160356.0,+35.104,1:20.331,8.0,219.994
2024,7,Emilia Romagna Grand Prix,Autodromo Enzo e Dino Ferrari,Imola,Italy,russell,George Russell,mercedes,Mercedes,6,7,7.0,63,Finished,5172406.0,+47.154,1:18.589,1.0,224.871
2024,7,Emilia Romagna Grand Prix,Autodromo Enzo e Dino Ferrari,Imola,Italy,perez,Sergio Pérez,red_bull,Red Bull,11,8,4.0,63,Finished,5180028.0,+54.776,1:19.686,3.0,221.775
2024,7,Emilia Romagna Grand Prix,Autodromo Enzo e Dino Ferrari,Imola,Italy,stroll,Lance Stroll,aston_martin,Aston Martin,13,9,2.0,63,Finished,5204808.0,+1:19.556,1:20.570,10.0,219.342
2024,7,Emilia Romagna Grand Prix,Autodromo Enzo e Dino Ferrari,Imola,Italy,tsunoda,Yuki Tsunoda,rb,RB F1 Team,7,10,1.0,62,+1 Lap,,,1:20.936,11.0,218.35
2024,7,Emilia Romagna Grand Prix,Autodromo Enzo e Dino Ferrari,Imola,Italy,hulkenberg,Nico Hülkenberg,haas,Haas F1 Team,10,11,0.0,62,+1 Lap,,,1:21.700,20.0,216.308
2024,7,Emilia Romagna Grand Prix,Autodromo Enzo e Dino Ferrari,Imola,Italy,kevin_magnussen,Kevin Magnussen,haas,Haas F1 Team,18,12,0.0,62,+1 Lap,,,1:21.009,12.0,218.153
2024,7,Emilia Romagna Grand Prix,Autodromo Enzo e Dino Ferrari,Imola,Italy,ricciardo,Daniel Ricciardo,rb,RB F1 Team,9,13,0.0,62,+1 Lap,,,1:21.569,19.0,216.655
2024,7,Emilia Romagna Grand Prix,Autodromo Enzo e Dino Ferrari,Imola,Italy,ocon,Esteban Ocon,alpine,Alpine F1 Team,12,14,0.0,62,+1 Lap,,,1:21.304,16.0,217.361
2024,7,Emilia Romagna Grand Prix,Autodromo Enzo e Dino Ferrari,Imola,Italy,zhou,Guanyu Zhou,sauber,Sauber,17,15,0.0,62,+1 Lap,,,1:21.016,13.0,218.134
2024,7,Emilia Romagna Grand Prix,Autodromo Enzo e Dino Ferrari,Imola,Italy,gasly,Pierre Gasly,alpine,Alpine F1 Team,15,16,0.0,62,+1 Lap,,,1:21.371,17.0,217.183
2024,7,Emilia Romagna Grand Prix,Autodromo Enzo e Dino Ferrari,Imola,Italy,sargeant,Logan Sargeant,williams,Williams,19,17,0.0,62,+1 Lap,,,1:21.229,14.0,217.562
2024,7,Emilia Romagna Grand Prix,Autodromo Enzo e Dino Ferrari,Imola,Italy,bottas,Valtteri Bottas,sauber,Sauber,16,18,0.0,62,+1 Lap,,,1:21.455,18.0,216.959
2024,7,Emilia Romagna Grand Prix,Autodromo Enzo e Dino Ferrari,Imola,Italy,alonso,Fernando Alonso,aston_martin,Aston Martin,20,19,0.0,62,+1 Lap,,,1:19.004,2.0,223.689
2024,7,Emilia Romagna Grand Prix,Autodromo Enzo e Dino Ferrari,Imola,Italy,albon,Alexander Albon,williams,Williams,14,20,0.0,51,Retired,,,1:21.274,15.0,217.442
2024,8,Monaco Grand Prix,Circuit de Monaco,Monte-Carlo,Monaco,leclerc,Charles Leclerc,ferrari,Ferrari,1,1,25.0,78,Finished,8595554.0,2:23:15.554,,,
2024,8,Monaco Grand Prix,Circuit de Monaco,Monte-Carlo,Monaco,piastri,Oscar Piastri,mclaren,McLaren,2,2,18.0,78,Finished,8602706.0,+7.152,,,
2024,8,Monaco Grand Prix,Circuit de Monaco,Monte-Carlo,Monaco,sainz,Carlos Sainz,ferrari,Ferrari,3,3,15.0,78,Finished,8603139.0,+7.585,,,
2024,8,Monaco Grand Prix,Circuit de Monaco,Monte-Carlo,Monaco,norris,Lando Norris,mclaren,McLaren,4,4,12.0,78,Finished,8604204.0,+8.650,,,
2024,8,Monaco Grand Prix,Circuit de Monaco,Monte-Carlo,Monaco,russell,George Russell,mercedes,Mercedes,5,5,10.0,78,Finished,8608863.0,+13.309,,,
2024,8,Monaco Grand Prix,Circuit de Monaco,Monte-Carlo,Monaco,max_verstappen,Max Verstappen,red_bull,Red Bull,6,6,8.0,78,Finished,8609407.0,+13.853,,,
2024,8,Monaco Grand Prix,Circuit de Monaco,Monte-Carlo,Monaco,hamilton,Lewis Hamilton,mercedes,Mercedes,7,7,7.0,78,Finished,8610462.0,+14.908,,,
2024,8,Monaco Grand Prix,Circuit de Monaco,Monte-Carlo,Monaco,tsunoda,Yuki Tsunoda,rb,RB F1 Team,8,8,4.0,77,+1 Lap,,,,,
2024,8,Monaco Grand Prix,Circuit de Monaco,Monte-Carlo,Monaco,albon,Alexander Albon,williams,Williams,9,9,2.0,77,+1 Lap,,,,,
2024,8,Monaco Grand Prix,Circuit de Monaco,Monte-Carlo,Monaco,gasly,Pierre Gasly,alpine,Alpine F1 Team,10,10,1.0,77,+1 Lap,,,,,
2024,8,Monaco Grand Prix,Circuit de Monaco,Monte-Carlo,Monaco,alonso,Fernando Alonso,aston_martin,Aston Martin,14,11,0.0,76,+2 Laps,,,,,
2024,8,Monaco Grand Prix,Circuit de Monaco,Monte-Carlo,Monaco,ricciardo,Daniel Ricciardo,rb,RB F1 Team,12,12,0.0,76,+2 Laps,,,,,
2024,8,Monaco Grand Prix,Circuit de Monaco,Monte-Carlo,Monaco,bottas,Valtteri Bottas,sauber,Sauber,17,13,0.0,76,+2 Laps,,,,,
2024,8,Monaco Grand Prix,Circuit de Monaco,Monte-Carlo,Monaco,stroll,Lance Stroll,aston_martin,Aston Martin,13,14,0.0,76,+2 Laps,,,,,
2024,8,Monaco Grand Prix,Circuit de Monaco,Monte-Carlo,Monaco,sargeant,Logan Sargeant,williams,Williams,15,15,0.0,76,+2 Laps,,,,,
2024,8,Monaco Grand Prix,Circuit de Monaco,Monte-Carlo,Monaco,zhou,Guanyu Zhou,sauber,Sauber,18,16,0.0,76,+2 Laps,,,,,
2024,8,Monaco Grand Prix,Circuit de Monaco,Monte-Carlo,Monaco,ocon,Esteban Ocon,alpine,Alpine F1 Team,11,17,0.0,0,Collision,,,,,
2024,8,Monaco Grand Prix,Circuit de Monaco,Monte-Carlo,Monaco,perez,Sergio Pérez,red_bull,Red Bull,16,18,0.0,0,Collision,,,,,
2024,8,Monaco Grand Prix,Circuit de Monaco,Monte-Carlo,Monaco,hulkenberg,Nico Hülkenberg,haas,Haas F1 Team,19,19,0.0,0,Collision,,,,,
2024,8,Monaco Grand Prix,Circuit de Monaco,Monte-Carlo,Monaco,kevin_magnussen,Kevin Magnussen,haas,Haas F1 Team,20,20,0.0,0,Collision,,,,,
2024,9,Canadian Grand Prix,Circuit Gilles Villeneuve,Montreal,Canada,max_verstappen,Max Verstappen,red_bull,Red Bull,2,1,25.0,70,Finished,6347927.0,1:45:47.927,1:15.569,4.0,207.751
2024,9,Canadian Grand Prix,Circuit Gilles Villeneuve,Montreal,Canada,norris,Lando Norris,mclaren,McLaren,3,2,18.0,70,Finished,6351806.0,+3.879,1:15.558,3.0,207.782
2024,9,Canadian Grand Prix,Circuit Gilles Villeneuve,Montreal,Canada,russell,George Russell,mercedes,Mercedes,1,3,15.0,70,Finished,6352244.0,+4.317,1:14.895,2.0,209.621
2024,9,Canadian Grand Prix,Circuit Gilles Villeneuve,Montreal,Canada,hamilton,Lewis Hamilton,mercedes,Mercedes,7,4,13.0,70,Finished,6352842.0,+4.915,1:14.856,1.0,209.73
2024,9,Canadian Grand Prix,Circuit Gilles Villeneuve,Montreal,Canada,piastri,Oscar Piastri,mclaren,McLaren,4,5,10.0,70,Finished,6358126.0,+10.199,1:16.247,5.0,205.904
2024,9,Canadian Grand Prix,Circuit Gilles Villeneuve,Montreal,Canada,alonso,Fernando Alonso,aston_martin,Aston Martin,6,6,8.0,70,Finished,6365437.0,+17.510,1:16.303,6.0,205.753
2024,9,Canadian Grand Prix,Circuit Gilles Villeneuve,Montreal,Canada,stroll,Lance Stroll,aston_martin,Aston Martin,9,7,6.0,70,Finished,6371552.0,+23.625,1:16.762,9.0,204.523
2024,9,Canadian Grand Prix,Circuit Gilles Villeneuve,Montreal,Canada,ricciardo,Daniel Ricciardo,rb,RB F1 Team,5,8,4.0,70,Finished,6376599.0,+28.672,1:17.076,12.0,203.689
2024,9,Canadian Grand Prix,Circuit Gilles Villeneuve,Montreal,Canada,gasly,Pierre Gasly,alpine,Alpine F1 Team,15,9,2.0,70,Finished,6377948.0,+30.021,1:17.013,11.0,203.856
2024,9,Canadian Grand Prix,Circuit Gilles Villeneuve,Montreal,Canada,ocon,Esteban Ocon,alpine,Alpine F1 Team,18,10,1.0,70,Finished,6378240.0,+30.313,1:17.012,10.0,203.859
2024,9,Canadian Grand Prix,Circuit Gilles Villeneuve,Montreal,Canada,hulkenberg,Nico Hülkenberg,haas,Haas F1 Team,17,11,0.0,70,Finished,6378751.0,+30.824,1:16.683,8.0,204.733
2024,9,Canadian Grand Prix,Circuit Gilles Villeneuve,Montreal,Canada,kevin_magnussen,Kevin Magnussen,haas,Haas F1 Team,14,12,0.0,70,Finished,6379180.0,+31.253,1:16.499,7.0,205.226
2024,9,Canadian Grand Prix,Circuit Gilles Villeneuve,Montreal,Canada,bottas,Valtteri Bottas,sauber,Sauber,0,13,0.0,70,Finished,6388414.0,+40.487,1:17.250,13.0,203.231
2024,9,Canadian Grand Prix,Circuit Gilles Villeneuve,Montreal,Canada,tsunoda,Yuki Tsunoda,rb,RB F1 Team,8,14,0.0,70,Finished,6400621.0,+52.694,1:17.309,14.0,203.075
2024,9,Canadian Grand Prix,Circuit Gilles Villeneuve,Montreal,Canada,zhou,Guanyu Zhou,sauber,Sauber,0,15,0.0,69,+1 Lap,,,1:17.325,15.0,203.033
2024,9,Canadian Grand Prix,Circuit Gilles Villeneuve,Montreal,Canada,sainz,Carlos Sainz,ferrari,Ferrari,12,16,0.0,52,Collision,,,1:18.957,17.0,198.837
2024,9,Canadian Grand Prix,Circuit Gilles Villeneuve,Montreal,Canada,albon,Alexander Albon,williams,Williams,10,17,0.0,52,Collision,,,1:19.359,18.0,197.83
2024,9,Canadian Grand Prix,Circuit Gilles Villeneuve,Montreal,Canada,perez,Sergio Pérez,red_bull,Red Bull,16,18,0.0,51,Accident,,,1:18.819,16.0,199.185
2024,9,Canadian Grand Prix,Circuit Gilles Villeneuve,Montreal,Canada,leclerc,Charles Leclerc,ferrari,Ferrari,11,19,0.0,40,Engine,,,1:26.012,19.0,182.528
2024,9,Canadian Grand Prix,Circuit Gilles Villeneuve,Montreal,Canada,sargeant,Logan Sargeant,williams,Williams,13,20,0.0,23,Accident,,,1:26.484,20.0,181.531
2024,10,Spanish Grand Prix,Circuit de Barcelona-Catalunya,Montmeló,Spain,max_verstappen,Max Verstappen,red_bull,Red Bull,2,1,25.0,66,Finished,5300227.0,1:28:20.227,1:17.776,2.0,215.557
2024,10,Spanish Grand Prix,Circuit de Barcelona-Catalunya,Montmeló,Spain,norris,Lando Norris,mclaren,McLaren,1,2,19.0,66,Finished,5302446.0,+2.219,1:17.115,1.0,217.405
2024,10,Spanish Grand Prix,Circuit de Barcelona-Catalunya,Montmeló,Spain,hamilton,Lewis Hamilton,mercedes,Mercedes,3,3,15.0,66,Finished,5318017.0,+17.790,1:17.809,4.0,215.466
2024,10,Spanish Grand Prix,Circuit de Barcelona-Catalunya,Montmeló,Spain,russell,George Russell,mercedes,Mercedes,4,4,12.0,66,Finished,5322547.0,+22.320,1:18.290,7.0,214.142
2024,10,Spanish Grand Prix,Circuit de Barcelona-Catalunya,Montmeló,Spain,leclerc,Charles Leclerc,ferrari,Ferrari,5,5,10.0,66,Finished,5322936.0,+22.709,1:17.897,6.0,215.222
2024,10,Spanish Grand Prix,Circuit de Barcelona-Catalunya,Montmeló,Spain,sainz,Carlos Sainz,ferrari,Ferrari,6,6,8.0,66,Finished,5331255.0,+31.028,1:18.539,9.0,213.463
2024,10,Spanish Grand Prix,Circuit de Barcelona-Catalunya,Montmeló,Spain,piastri,Oscar Piastri,mclaren,McLaren,9,7,6.0,66,Finished,5333987.0,+33.760,1:17.874,5.0,215.286
2024,10,Spanish Grand Prix,Circuit de Barcelona-Catalunya,Montmeló,Spain,perez,Sergio Pérez,red_bull,Red Bull,11,8,4.0,66,Finished,5359751.0,+59.524,1:17.785,3.0,215.532
2024,10,Spanish Grand Prix,Circuit de Barcelona-Catalunya,Montmeló,Spain,gasly,Pierre Gasly,alpine,Alpine F1 Team,7,9,2.0,66,Finished,5362252.0,+1:02.025,1:19.045,13.0,212.096
2024,10,Spanish Grand Prix,Circuit de Barcelona-Catalunya,Montmeló,Spain,ocon,Esteban Ocon,alpine,Alpine F1 Team,8,10,1.0,66,Finished,5372116.0,+1:11.889,1:18.982,12.0,212.266
2024,10,Spanish Grand Prix,Circuit de Barcelona-Catalunya,Montmeló,Spain,hulkenberg,Nico Hülkenberg,haas,Haas F1 Team,13,11,0.0,66,Finished,5379442.0,+1:19.215,1:18.609,10.0,213.273
2024,10,Spanish Grand Prix,Circuit de Barcelona-Catalunya,Montmeló,Spain,alonso,Fernando Alonso,aston_martin,Aston Martin,10,12,0.0,65,+1 Lap,,,1:18.334,8.0,214.022
2024,10,Spanish Grand Prix,Circuit de Barcelona-Catalunya,Montmeló,Spain,zhou,Guanyu Zhou,sauber,Sauber,15,13,0.0,65,+1 Lap,,,1:18.771,11.0,212.834
2024,10,Spanish Grand Prix,Circuit de Barcelona-Catalunya,Montmeló,Spain,stroll,Lance Stroll,aston_martin,Aston Martin,14,14,0.0,65,+1 Lap,,,1:19.318,15.0,211.366
2024,10,Spanish Grand Prix,Circuit de Barcelona-Catalunya,Montmeló,Spain,ricciardo,Daniel Ricciardo,rb,RB F1 Team,18,15,0.0,65,+1 Lap,,,1:19.450,17.0,211.015
2024,10,Spanish Grand Prix,Circuit de Barcelona-Catalunya,Montmeló,Spain,bottas,Valtteri Bottas,sauber,Sauber,12,16,0.0,65,+1 Lap,,,1:19.608,18.0,210.596
2024,10,Spanish Grand Prix,Circuit de Barcelona-Catalunya,Montmeló,Spain,kevin_magnussen,Kevin Magnussen,haas,Haas F1 Team,16,17,0.0,65,+1 Lap,,,1:19.805,19.0,210.077
2024,10,Spanish Grand Prix,Circuit de Barcelona-Catalunya,Montmeló,Spain,albon,Alexander Albon,williams,Williams,0,18,0.0,65,+1 Lap,,,1:19.132,14.0,211.863
2024,10,Spanish Grand Prix,Circuit de Barcelona-Catalunya,Montmeló,Spain,tsunoda,Yuki Tsunoda,rb,RB F1 Team,17,19,0.0,65,+1 Lap,,,1:19.447,16.0,211.023
2024,10,Spanish Grand Prix,Circuit de Barcelona-Catalunya,Montmeló,Spain,sargeant,Logan Sargeant,williams,Williams,19,20,0.0,64,+2 Laps,,,1:20.172,20.0,209.115
2024,11,Austrian Grand Prix,Red Bull Ring,Spielberg,Austria,russell,George Russell,mercedes,Mercedes,3,1,25.0,71,Finished,5062798.0,1:24:22.798,1:09.164,5.0,224.752
2024,11,Austrian Grand Prix,Red Bull Ring,Spielberg,Austria,piastri,Oscar Piastri,mclaren,McLaren,7,2,18.0,71,Finished,5064704.0,+1.906,1:08.697,4.0,226.28
2024,11,Austrian Grand Prix,Red Bull Ring,Spielberg,Austria,sainz,Carlos Sainz,ferrari,Ferrari,4,3,15.0,71,Finished,5067331.0,+4.533,1:09.282,6.0,224.369
2024,11,Austrian Grand Prix,Red Bull Ring,Spielberg,Austria,hamilton,Lewis Hamilton,mercedes,Mercedes,5,4,12.0,71,Finished,5085940.0,+23.142,1:09.562,7.0,223.466
2024,11,Austrian Grand Prix,Red Bull Ring,Spielberg,Austria,max_verstappen,Max Verstappen,red_bull,Red Bull,1,5,10.0,71,Finished,5100051.0,+37.253,1:07.719,2.0,229.548
2024,11,Austrian Grand Prix,Red Bull Ring,Spielberg,Austria,hulkenberg,Nico Hülkenberg,haas,Haas F1 Team,9,6,8.0,71,Finished,5116886.0,+54.088,1:10.215,14.0,221.388
2024,11,Austrian Grand Prix,Red Bull Ring,Spielberg,Austria,perez,Sergio Pérez,red_bull,Red Bull,8,7,6.0,71,Finished,5117470.0,+54.672,1:09.694,11.0,223.043
2024,11,Austrian Grand Prix,Red Bull Ring,Spielberg,Austria,kevin_magnussen,Kevin Magnussen,haas,Haas F1 Team,12,8,4.0,71,Finished,5123153.0,+1:00.355,1:10.125,12.0,221.672
2024,11,Austrian Grand Prix,Red Bull Ring,Spielberg,Austria,ricciardo,Daniel Ricciardo,rb,RB F1 Team,11,9,2.0,71,Finished,5123967.0,+1:01.169,1:10.426,18.0,220.725
2024,11,Austrian Grand Prix,Red Bull Ring,Spielberg,Austria,gasly,Pierre Gasly,alpine,Alpine F1 Team,13,10,1.0,71,Finished,5124564.0,+1:01.766,1:09.609,9.0,223.315
2024,11,Austrian Grand Prix,Red Bull Ring,Spielberg,Austria,leclerc,Charles Leclerc,ferrari,Ferrari,6,11,0.0,71,Finished,5129854.0,+1:07.056,1:09.584,8.0,223.396
2024,11,Austrian Grand Prix,Red Bull Ring,Spielberg,Austria,ocon,Esteban Ocon,alpine,Alpine F1 Team,10,12,0.0,71,Finished,5131123.0,+1:08.325,1:09.649,10.0,223.187
2024,11,Austrian Grand Prix,Red Bull Ring,Spielberg,Austria,stroll,Lance Stroll,aston_martin,Aston Martin,17,13,0.0,70,+1 Lap,,,1:10.143,13.0,221.615
2024,11,Austrian Grand Prix,Red Bull Ring,Spielberg,Austria,tsunoda,Yuki Tsunoda,rb,RB F1 Team,14,14,0.0,70,+1 Lap,,,1:10.318,15.0,221.064
2024,11,Austrian Grand Prix,Red Bull Ring,Spielberg,Austria,albon,Alexander Albon,williams,Williams,16,15,0.0,70,+1 Lap,,,1:10.364,16.0,220.919
2024,11,Austrian Grand Prix,Red Bull Ring,Spielberg,Austria,bottas,Valtteri Bottas,sauber,Sauber,18,16,0.0,70,+1 Lap,,,1:10.449,19.0,220.653
2024,11,Austrian Grand Prix,Red Bull Ring,Spielberg,Austria,zhou,Guanyu Zhou,sauber,Sauber,20,17,0.0,70,+1 Lap,,,1:10.470,20.0,220.587
2024,11,Austrian Grand Prix,Red Bull Ring,Spielberg,Austria,alonso,Fernando Alonso,aston_martin,Aston Martin,15,18,0.0,70,+1 Lap,,,1:07.694,1.0,229.633
2024,11,Austrian Grand Prix,Red Bull Ring,Spielberg,Austria,sargeant,Logan Sargeant,williams,Williams,19,19,0.0,69,+2 Laps,,,1:10.406,17.0,220.788
2024,11,Austrian Grand Prix,Red Bull Ring,Spielberg,Austria,norris,Lando Norris,mclaren,McLaren,2,20,0.0,64,+7 Laps,,,1:08.016,3.0,228.546
2024,12,British Grand Prix,Silverstone Circuit,Silverstone,UK,hamilton,Lewis Hamilton,mercedes,Mercedes,2,1,25.0,52,Finished,4947059.0,1:22:27.059,1:29.438,5.0,237.12
2024,12,British Grand Prix,Silverstone Circuit,Silverstone,UK,max_verstappen,Max Verstappen,red_bull,Red Bull,4,2,18.0,52,Finished,4948524.0,+1.465,1:28.952,3.0,238.416
2024,12,British Grand Prix,Silverstone Circuit,Silverstone,UK,norris,Lando Norris,mclaren,McLaren,3,3,15.0,52,Finished,4954606.0,+7.547,1:29.262,4.0,237.588
2024,12,British Grand Prix,Silverstone Circuit,Silverstone,UK,piastri,Oscar Piastri,mclaren,McLaren,5,4,12.0,52,Finished,4959488.0,+12.429,1:28.748,2.0,238.964
2024,12,British Grand Prix,Silverstone Circuit,Silverstone,UK,sainz,Carlos Sainz,ferrari,Ferrari,7,5,11.0,52,Finished,4994377.0,+47.318,1:28.293,1.0,240.195
2024,12,British Grand Prix,Silverstone Circuit,Silverstone,UK,hulkenberg,Nico Hülkenberg,haas,Haas F1 Team,6,6,8.0,52,Finished,5002781.0,+55.722,1:29.836,10.0,236.07
2024,12,British Grand Prix,Silverstone Circuit,Silverstone,UK,stroll,Lance Stroll,aston_martin,Aston Martin,8,7,6.0,52,Finished,5003628.0,+56.569,1:29.897,11.0,235.909
2024,12,British Grand Prix,Silverstone Circuit,Silverstone,UK,alonso,Fernando Alonso,aston_martin,Aston Martin,10,8,4.0,52,Finished,5010636.0,+1:03.577,1:29.710,7.0,236.401
2024,12,British Grand Prix,Silverstone Circuit,Silverstone,UK,albon,Alexander Albon,williams,Williams,9,9,2.0,52,Finished,5015446.0,+1:08.387,1:29.718,8.0,236.38
2024,12,British Grand Prix,Silverstone Circuit,Silverstone,UK,tsunoda,Yuki Tsunoda,rb,RB F1 Team,13,10,1.0,52,Finished,5026362.0,+1:19.303,1:30.229,14.0,235.041
2024,12,British Grand Prix,Silverstone Circuit,Silverstone,UK,sargeant,Logan Sargeant,williams,Williams,12,11,0.0,52,Finished,5036019.0,+1:28.960,1:29.972,12.0,235.713
2024,12,British Grand Prix,Silverstone Circuit,Silverstone,UK,kevin_magnussen,Kevin Magnussen,haas,Haas F1 Team,17,12,0.0,52,Finished,5037212.0,+1:30.153,1:30.093,13.0,235.396
2024,12,British Grand Prix,Silverstone Circuit,Silverstone,UK,ricciardo,Daniel Ricciardo,rb,RB F1 Team,15,13,0.0,51,+1 Lap,,,1:30.735,15.0,233.731
2024,12,British Grand Prix,Silverstone Circuit,Silverstone,UK,leclerc,Charles Leclerc,ferrari,Ferrari,11,14,0.0,51,+1 Lap,,,1:29.748,9.0,236.301
2024,12,British Grand Prix,Silverstone Circuit,Silverstone,UK,bottas,Valtteri Bottas,sauber,Sauber,16,15,0.0,51,+1 Lap,,,1:31.277,18.0,232.343
2024,12,British Grand Prix,Silverstone Circuit,Silverstone,UK,ocon,Esteban Ocon,alpine,Alpine F1 Team,18,16,0.0,50,+2 Laps,,,1:30.875,16.0,233.371
2024,12,British Grand Prix,Silverstone Circuit,Silverstone,UK,perez,Sergio Pérez,red_bull,Red Bull,0,17,0.0,50,+2 Laps,,,1:29.707,6.0,236.409
2024,12,British Grand Prix,Silverstone Circuit,Silverstone,UK,zhou,Guanyu Zhou,sauber,Sauber,14,18,0.0,50,+2 Laps,,,1:31.014,17.0,233.014
2024,12,British Grand Prix,Silverstone Circuit,Silverstone,UK,russell,George Russell,mercedes,Mercedes,1,19,0.0,33,Water pressure,,,1:31.298,19.0,232.289
2024,12,British Grand Prix,Silverstone Circuit,Silverstone,UK,gasly,Pierre Gasly,alpine,Alpine F1 Team,19,20,0.0,0,Gearbox,,,,,
2024,13,Hungarian Grand Prix,Hungaroring,Budapest,Hungary,piastri,Oscar Piastri,mclaren,McLaren,2,1,25.0,70,Finished,5881989.0,1:38:01.989,1:21.716,8.0,193.005
2024,13,Hungarian Grand Prix,Hungaroring,Budapest,Hungary,norris,Lando Norris,mclaren,McLaren,1,2,18.0,70,Finished,5884130.0,+2.141,1:21.712,7.0,193.014
2024,13,Hungarian Grand Prix,Hungaroring,Budapest,Hungary,hamilton,Lewis Hamilton,mercedes,Mercedes,5,3,15.0,70,Finished,5896869.0,+14.880,1:22.153,9.0,191.978
2024,13,Hungarian Grand Prix,Hungaroring,Budapest,Hungary,leclerc,Charles Leclerc,ferrari,Ferrari,6,4,12.0,70,Finished,5901675.0,+19.686,1:22.182,10.0,191.91
2024,13,Hungarian Grand Prix,Hungaroring,Budapest,Hungary,max_verstappen,Max Verstappen,red_bull,Red Bull,3,5,10.0,70,Finished,5903338.0,+21.349,1:20.908,3.0,194.932
2024,13,Hungarian Grand Prix,Hungaroring,Budapest,Hungary,sainz,Carlos Sainz,ferrari,Ferrari,4,6,8.0,70,Finished,5905062.0,+23.073,1:21.441,5.0,193.656
2024,13,Hungarian Grand Prix,Hungaroring,Budapest,Hungary,perez,Sergio Pérez,red_bull,Red Bull,16,7,6.0,70,Finished,5921781.0,+39.792,1:21.096,4.0,194.48
2024,13,Hungarian Grand Prix,Hungaroring,Budapest,Hungary,russell,George Russell,mercedes,Mercedes,17,8,5.0,70,Finished,5924357.0,+42.368,1:20.305,1.0,196.396
2024,13,Hungarian Grand Prix,Hungaroring,Budapest,Hungary,tsunoda,Yuki Tsunoda,rb,RB F1 Team,10,9,2.0,70,Finished,5959248.0,+1:17.259,1:23.533,18.0,188.806
2024,13,Hungarian Grand Prix,Hungaroring,Budapest,Hungary,stroll,Lance Stroll,aston_martin,Aston Martin,8,10,1.0,70,Finished,5959965.0,+1:17.976,1:22.338,11.0,191.547
2024,13,Hungarian Grand Prix,Hungaroring,Budapest,Hungary,alonso,Fernando Alonso,aston_martin,Aston Martin,7,11,0.0,70,Finished,5964449.0,+1:22.460,1:23.063,14.0,189.875
2024,13,Hungarian Grand Prix,Hungaroring,Budapest,Hungary,ricciardo,Daniel Ricciardo,rb,RB F1 Team,9,12,0.0,69,+1 Lap,,,1:22.640,12.0,190.847
2024,13,Hungarian Grand Prix,Hungaroring,Budapest,Hungary,hulkenberg,Nico Hülkenberg,haas,Haas F1 Team,11,13,0.0,69,+1 Lap,,,1:23.461,16.0,188.969
2024,13,Hungarian Grand Prix,Hungaroring,Budapest,Hungary,albon,Alexander Albon,williams,Williams,13,14,0.0,69,+1 Lap,,,1:23.930,20.0,187.913
2024,13,Hungarian Grand Prix,Hungaroring,Budapest,Hungary,kevin_magnussen,Kevin Magnussen,haas,Haas F1 Team,15,15,0.0,69,+1 Lap,,,1:23.553,19.0,188.761
2024,13,Hungarian Grand Prix,Hungaroring,Budapest,Hungary,bottas,Valtteri Bottas,sauber,Sauber,12,16,0.0,69,+1 Lap,,,1:22.792,13.0,190.496
2024,13,Hungarian Grand Prix,Hungaroring,Budapest,Hungary,sargeant,Logan Sargeant,williams,Williams,14,17,0.0,69,+1 Lap,,,1:20.561,2.0,195.772
2024,13,Hungarian Grand Prix,Hungaroring,Budapest,Hungary,ocon,Esteban Ocon,alpine,Alpine F1 Team,19,18,0.0,69,+1 Lap,,,1:21.610,6.0,193.255
2024,13,Hungarian Grand Prix,Hungaroring,Budapest,Hungary,zhou,Guanyu Zhou,sauber,Sauber,18,19,0.0,69,+1 Lap,,,1:23.487,17.0,188.91
2024,13,Hungarian Grand Prix,Hungaroring,Budapest,Hungary,gasly,Pierre Gasly,alpine,Alpine F1 Team,0,20,0.0,33,Hydraulics,,,1:23.340,15.0,189.244
2024,14,Belgian Grand Prix,Circuit de Spa-Francorchamps,Spa,Belgium,hamilton,Lewis Hamilton,mercedes,Mercedes,3,1,25.0,44,Finished,526.0,+0.526,1:46.653,6.0,236.415
2024,14,Belgian Grand Prix,Circuit de Spa-Francorchamps,Spa,Belgium,piastri,Oscar Piastri,mclaren,McLaren,5,2,18.0,44,Finished,1699.0,+1.173,1:45.840,3.0,238.231
2024,14,Belgian Grand Prix,Circuit de Spa-Francorchamps,Spa,Belgium,leclerc,Charles Leclerc,ferrari,Ferrari,1,3,15.0,44,Finished,9075.0,+8.549,1:47.013,8.0,235.619
2024,14,Belgian Grand Prix,Circuit de Spa-Francorchamps,Spa,Belgium,max_verstappen,Max Verstappen,red_bull,Red Bull,11,4,12.0,44,Finished,9752.0,+9.226,1:46.128,4.0,237.584
2024,14,Belgian Grand Prix,Circuit de Spa-Francorchamps,Spa,Belgium,norris,Lando Norris,mclaren,McLaren,4,5,10.0,44,Finished,10376.0,+9.850,1:45.563,2.0,238.856
2024,14,Belgian Grand Prix,Circuit de Spa-Francorchamps,Spa,Belgium,sainz,Carlos Sainz,ferrari,Ferrari,7,6,8.0,44,Finished,20321.0,+19.795,1:46.364,5.0,237.057
2024,14,Belgian Grand Prix,Circuit de Spa-Francorchamps,Spa,Belgium,perez,Sergio Pérez,red_bull,Red Bull,2,7,7.0,44,Finished,43721.0,+43.195,1:44.701,1.0,240.822
2024,14,Belgian Grand Prix,Circuit de Spa-Francorchamps,Spa,Belgium,alonso,Fernando Alonso,aston_martin,Aston Martin,8,8,4.0,44,Finished,50489.0,+49.963,1:48.051,17.0,233.356
2024,14,Belgian Grand Prix,Circuit de Spa-Francorchamps,Spa,Belgium,ocon,Esteban Ocon,alpine,Alpine F1 Team,9,9,2.0,44,Finished,53078.0,+52.552,1:46.957,7.0,235.743
2024,14,Belgian Grand Prix,Circuit de Spa-Francorchamps,Spa,Belgium,ricciardo,Daniel Ricciardo,rb,RB F1 Team,13,10,1.0,44,Finished,55452.0,+54.926,1:47.435,12.0,234.694
2024,14,Belgian Grand Prix,Circuit de Spa-Francorchamps,Spa,Belgium,stroll,Lance Stroll,aston_martin,Aston Martin,15,11,0.0,44,Finished,63537.0,+1:03.011,1:48.105,18.0,233.239
2024,14,Belgian Grand Prix,Circuit de Spa-Francorchamps,Spa,Belgium,albon,Alexander Albon,williams,Williams,10,12,0.0,44,Finished,64177.0,+1:03.651,1:47.996,16.0,233.475
2024,14,Belgian Grand Prix,Circuit de Spa-Francorchamps,Spa,Belgium,gasly,Pierre Gasly,alpine,Alpine F1 Team,12,13,0.0,44,Finished,64891.0,+1:04.365,1:47.418,11.0,234.731
2024,14,Belgian Grand Prix,Circuit de Spa-Francorchamps,Spa,Belgium,kevin_magnussen,Kevin Magnussen,haas,Haas F1 Team,17,14,0.0,44,Finished,67157.0,+1:06.631,1:47.848,14.0,233.795
2024,14,Belgian Grand Prix,Circuit de Spa-Francorchamps,Spa,Belgium,bottas,Valtteri Bottas,sauber,Sauber,14,15,0.0,44,Finished,71164.0,+1:10.638,1:47.019,9.0,235.606
2024,14,Belgian Grand Prix,Circuit de Spa-Francorchamps,Spa,Belgium,tsunoda,Yuki Tsunoda,rb,RB F1 Team,20,16,0.0,44,Finished,77263.0,+1:16.737,1:47.969,15.0,233.533
2024,14,Belgian Grand Prix,Circuit de Spa-Francorchamps,Spa,Belgium,sargeant,Logan Sargeant,williams,Williams,18,17,0.0,44,Finished,86583.0,+1:26.057,1:47.490,13.0,234.574
2024,14,Belgian Grand Prix,Circuit de Spa-Francorchamps,Spa,Belgium,hulkenberg,Nico Hülkenberg,haas,Haas F1 Team,16,18,0.0,44,Finished,89359.0,+1:28.833,1:48.954,19.0,231.422
2024,14,Belgian Grand Prix,Circuit de Spa-Francorchamps,Spa,Belgium,zhou,Guanyu Zhou,sauber,Sauber,19,19,0.0,5,Retired,,,1:52.099,20.0,224.929
2024,14,Belgian Grand Prix,Circuit de Spa-Francorchamps,Spa,Belgium,russell,George Russell,mercedes,Mercedes,6,20,0.0,44,Disqualified,4797566.0,1:19:57.040,1:47.113,10.0,235.399
2024,15,Dutch Grand Prix,Circuit Park Zandvoort,Zandvoort,Netherlands,norris,Lando Norris,mclaren,McLaren,1,1,26.0,72,Finished,5445519.0,1:30:45.519,1:13.817,1.0,207.708
2024,15,Dutch Grand Prix,Circuit Park Zandvoort,Zandvoort,Netherlands,max_verstappen,Max Verstappen,red_bull,Red Bull,2,2,18.0,72,Finished,5468415.0,+22.896,1:14.752,9.0,205.11
2024,15,Dutch Grand Prix,Circuit Park Zandvoort,Zandvoort,Netherlands,leclerc,Charles Leclerc,ferrari,Ferrari,6,3,15.0,72,Finished,5470958.0,+25.439,1:14.585,7.0,205.569
2024,15,Dutch Grand Prix,Circuit Park Zandvoort,Zandvoort,Netherlands,piastri,Oscar Piastri,mclaren,McLaren,3,4,12.0,72,Finished,5472856.0,+27.337,1:14.237,5.0,206.533
2024,15,Dutch Grand Prix,Circuit Park Zandvoort,Zandvoort,Netherlands,sainz,Carlos Sainz,ferrari,Ferrari,10,5,10.0,72,Finished,5477656.0,+32.137,1:14.117,4.0,206.867
2024,15,Dutch Grand Prix,Circuit Park Zandvoort,Zandvoort,Netherlands,perez,Sergio Pérez,red_bull,Red Bull,5,6,8.0,72,Finished,5485061.0,+39.542,1:14.587,8.0,205.563
2024,15,Dutch Grand Prix,Circuit Park Zandvoort,Zandvoort,Netherlands,russell,George Russell,mercedes,Mercedes,4,7,6.0,72,Finished,5490136.0,+44.617,1:13.927,3.0,207.399
2024,15,Dutch Grand Prix,Circuit Park Zandvoort,Zandvoort,Netherlands,hamilton,Lewis Hamilton,mercedes,Mercedes,14,8,4.0,72,Finished,5495118.0,+49.599,1:13.878,2.0,207.536
2024,15,Dutch Grand Prix,Circuit Park Zandvoort,Zandvoort,Netherlands,gasly,Pierre Gasly,alpine,Alpine F1 Team,9,9,2.0,71,+1 Lap,,,1:14.855,11.0,204.828
2024,15,Dutch Grand Prix,Circuit Park Zandvoort,Zandvoort,Netherlands,alonso,Fernando Alonso,aston_martin,Aston Martin,7,10,1.0,71,+1 Lap,,,1:14.758,10.0,205.093
2024,15,Dutch Grand Prix,Circuit Park Zandvoort,Zandvoort,Netherlands,hulkenberg,Nico Hülkenberg,haas,Haas F1 Team,12,11,0.0,71,+1 Lap,,,1:15.657,18.0,202.656
2024,15,Dutch Grand Prix,Circuit Park Zandvoort,Zandvoort,Netherlands,ricciardo,Daniel Ricciardo,rb,RB F1 Team,13,12,0.0,71,+1 Lap,,,1:15.222,13.0,203.828
2024,15,Dutch Grand Prix,Circuit Park Zandvoort,Zandvoort,Netherlands,stroll,Lance Stroll,aston_martin,Aston Martin,8,13,0.0,71,+1 Lap,,,1:15.255,14.0,203.739
2024,15,Dutch Grand Prix,Circuit Park Zandvoort,Zandvoort,Netherlands,albon,Alexander Albon,williams,Williams,19,14,0.0,71,+1 Lap,,,1:14.434,6.0,205.986
2024,15,Dutch Grand Prix,Circuit Park Zandvoort,Zandvoort,Netherlands,ocon,Esteban Ocon,alpine,Alpine F1 Team,15,15,0.0,71,+1 Lap,,,1:15.390,15.0,203.374
2024,15,Dutch Grand Prix,Circuit Park Zandvoort,Zandvoort,Netherlands,sargeant,Logan Sargeant,williams,Williams,18,16,0.0,71,+1 Lap,,,1:15.539,16.0,202.973
2024,15,Dutch Grand Prix,Circuit Park Zandvoort,Zandvoort,Netherlands,tsunoda,Yuki Tsunoda,rb,RB F1 Team,11,17,0.0,71,+1 Lap,,,1:15.552,17.0,202.938
2024,15,Dutch Grand Prix,Circuit Park Zandvoort,Zandvoort,Netherlands,kevin_magnussen,Kevin Magnussen,haas,Haas F1 Team,0,18,0.0,71,+1 Lap,,,1:14.954,12.0,204.557
2024,15,Dutch Grand Prix,Circuit Park Zandvoort,Zandvoort,Netherlands,bottas,Valtteri Bottas,sauber,Sauber,16,19,0.0,70,+2 Laps,,,1:15.822,20.0,202.215
2024,15,Dutch Grand Prix,Circuit Park Zandvoort,Zandvoort,Netherlands,zhou,Guanyu Zhou,sauber,Sauber,17,20,0.0,70,+2 Laps,,,1:15.724,19.0,202.477
